Nutrient Analyses,,,,
,,Units Required,uM,
,,,,
Customer and Data Recipient,Wendi Ruef,,,
Email,wruef@uw.edu,,,
Office,206-221-6760,,,
,,,,
Worktage,"GR051508, PG107583, CC100946",Budget Contact,Jenny E,
PI,D. Kelley,,jenny9@uw.edu,
,,,Office: 206-542-5279,
Total Samples,66,,,
,,,,
,,,,
CTD Station,CTD ID,Niskin Bottle Number,Target Depth (m),Sample Bottle Number
Oregon Offshore Shallow Profiler,AT50-41_CTD-001,1,220,NUT-2624
Oregon Offshore Shallow Profiler,AT50-41_CTD-001,3,200,NUT-2623
Oregon Offshore Shallow Profiler,AT50-41_CTD-001,5,180,NUT-2617
Oregon Offshore Shallow Profiler,AT50-41_CTD-001,7,160,NUT-2618
Oregon Offshore Shallow Profiler,AT50-41_CTD-001,9,140,NUT-2619
Oregon Offshore Shallow Profiler,AT50-41_CTD-001,11,120,NUT-2620
Oregon Offshore Shallow Profiler,AT50-41_CTD-001,13,100,NUT-2621
Oregon Offshore Shallow Profiler,AT50-41_CTD-001,15,80,NUT-2622
Oregon Offshore Shallow Profiler,AT50-41_CTD-001,17,60,NUT-2561
Oregon Offshore Shallow Profiler,AT50-41_CTD-001,19,40,NUT-2562
Oregon Offshore Shallow Profiler,AT50-41_CTD-001,21,20,NUT-2563
Oregon Offshore Shallow Profiler,AT50-41_CTD-001,23,10,NUT-2564
Oregon Offshore Shallow Profiler,AT50-41_J2-1696,Aft,197,NUT-2565
Oregon Offshore Shallow Profiler,AT50-41_J2-1698,Forward,197,NUT-2616
Slope Base Shallow Profiler,AT50-41_CTD-002,1,220,NUT-2566
Slope Base Shallow Profiler,AT50-41_CTD-002,3,200,NUT-2567
Slope Base Shallow Profiler,AT50-41_CTD-002,5,180,NUT-2568
Slope Base Shallow Profiler,AT50-41_CTD-002,7,160,NUT-2569
Slope Base Shallow Profiler,AT50-41_CTD-002,9,140,NUT-2570
Slope Base Shallow Profiler,AT50-41_CTD-002,11,120,NUT-2571
Slope Base Shallow Profiler,AT50-41_CTD-002,13,100,NUT-2572
Slope Base Shallow Profiler,AT50-41_CTD-002,15,80,NUT-2573
Slope Base Shallow Profiler,AT50-41_CTD-002,17,60,NUT-2574
Slope Base Shallow Profiler,AT50-41_CTD-002,19,40,NUT-2575
Slope Base Shallow Profiler,AT50-41_CTD-002,21,20,NUT-2576
Slope Base Shallow Profiler,AT50-41_CTD-002,23,10,NUT-2577
Slope Base Shallow Profiler,AT50-41_J2-1699,Aft,200,NUT-2582
Axial Base Shallow Profiler,AT50-41_J2-1702,Forward,200,NUT-2584
Axial Base Shallow Profiler,AT50-41_J2-1704,Forward,185,NUT-2581
Slope Base Shallow Profiler,AT50-41_J2-1713,Forward,191.5,NUT-2583
Axial Base Shallow Profiler,AT50-41_CTD-007,1,220,NUT-2580
Axial Base Shallow Profiler,AT50-41_CTD-007,3,200,NUT-2579
Axial Base Shallow Profiler,AT50-41_CTD-007,5,180,NUT-2578
Axial Base Shallow Profiler,AT50-41_CTD-007,7,160,NUT-2585
Axial Base Shallow Profiler,AT50-41_CTD-007,9,140,NUT-2586
Axial Base Shallow Profiler,AT50-41_CTD-007,11,120,NUT-2587
Axial Base Shallow Profiler,AT50-41_CTD-007,13,100,NUT-2588
Axial Base Shallow Profiler,AT50-41_CTD-007,15,80,NUT-2589
Axial Base Shallow Profiler,AT50-41_CTD-007,17,60,NUT-2596
Axial Base Shallow Profiler,AT50-41_CTD-007,19,40,NUT-2595
Axial Base Shallow Profiler,AT50-41_CTD-007,21,20,NUT-2590
Axial Base Shallow Profiler,AT50-41_CTD-007,23,10,NUT-2594
Slope Base Shallow Profiler,AT50-41_CTD-008,1,220,NUT-2613
Slope Base Shallow Profiler,AT50-41_CTD-008,3,200,NUT-2593
Slope Base Shallow Profiler,AT50-41_CTD-008,5,180,NUT-2597
Slope Base Shallow Profiler,AT50-41_CTD-008,7,160,NUT-2592
Slope Base Shallow Profiler,AT50-41_CTD-008,9,140,NUT-2591
Slope Base Shallow Profiler,AT50-41_CTD-008,11,120,NUT-2599
Slope Base Shallow Profiler,AT50-41_CTD-008,13,100,NUT-2598
Slope Base Shallow Profiler,AT50-41_CTD-008,15,80,NUT-2600
Slope Base Shallow Profiler,AT50-41_CTD-008,17,60,NUT-2601
Slope Base Shallow Profiler,AT50-41_CTD-008,19,40,NUT-2608
Slope Base Shallow Profiler,AT50-41_CTD-008,21,20,NUT-2607
Slope Base Shallow Profiler,AT50-41_CTD-008,23,10,NUT-2615
Oregon Offshore Shallow Profiler,AT50-41_CTD-010,1,220,NUT-2614
Oregon Offshore Shallow Profiler,AT50-41_CTD-010,3,200,NUT-2612
Oregon Offshore Shallow Profiler,AT50-41_CTD-010,5,180,NUT-2611
Oregon Offshore Shallow Profiler,AT50-41_CTD-010,7,160,NUT-2610
Oregon Offshore Shallow Profiler,AT50-41_CTD-010,9,140,NUT-2609
Oregon Offshore Shallow Profiler,AT50-41_CTD-010,11,120,NUT-2606
Oregon Offshore Shallow Profiler,AT50-41_CTD-010,13,100,NUT-2605
Oregon Offshore Shallow Profiler,AT50-41_CTD-010,15,80,NUT-2604
Oregon Offshore Shallow Profiler,AT50-41_CTD-010,17,60,NUT-2603
Oregon Offshore Shallow Profiler,AT50-41_CTD-010,19,40,NUT-2602
Oregon Offshore Shallow Profiler,AT50-41_CTD-010,21,20,NUT-6121
Oregon Offshore Shallow Profiler,AT50-41_CTD-010,23,10,NUT-6122