DIC Analysis for pCO2 and TCO2,,,,,,
,,,,,,
,,,,,,
Customer and Data Recipient,Wendi Ruef,,,,,
Email,wruef@uw.edu,,,,,
Office,206-221-6760,,,,,
,,,,,,
Worktags,"GR051508, PG107583, CC100946",Budget Contact,Jenny E,,,
PI,D. Kelley,,jenny9@uw.edu,,,
,,,Office: 206-542-5279,,,
Total Samples,69,,,,,
,,,,,,
,,,,,,
CTD Station,CTD ID,Niskin Bottle Number,Target Depth (m),Sample Bottle Number,In-Situ Temperature (avg),In-Situ Salinity (avg)
Oregon Offshore Shallow Profiler,AT50-41_CTD-001,1,220,DIC-101,8.4158,33.8963
Oregon Offshore Shallow Profiler,AT50-41_CTD-001,3,200,DIC-102,8.3877,33.9013
Oregon Offshore Shallow Profiler,AT50-41_CTD-001,5,180,DIC-103,8.3565,33.9075
Oregon Offshore Shallow Profiler,AT50-41_CTD-001,7,160,DIC-104,8.3816,33.9013
Oregon Offshore Shallow Profiler,AT50-41_CTD-001,9,140,DIC-105,8.3189,33.9127
Oregon Offshore Shallow Profiler,AT50-41_CTD-001,11,120,DIC-106,8.2941,33.9179
Oregon Offshore Shallow Profiler,AT50-41_CTD-001,13,100,DIC-107,8.253,33.9269
Oregon Offshore Shallow Profiler,AT50-41_CTD-001,15,80,DIC-108,8.7433,33.8211
Oregon Offshore Shallow Profiler,AT50-41_CTD-001,17,60,DIC-109,9.2319,33.7751
Oregon Offshore Shallow Profiler,AT50-41_CTD-001,19,40,DIC-110,8.936,33.3858
Oregon Offshore Shallow Profiler,AT50-41_CTD-001,21,20,DIC-111,9.3216,32.7057
Oregon Offshore Shallow Profiler,AT50-41_CTD-001,23,10,DIC-112,11.2852,32.6504
Oregon Offshore Shallow Profiler,AT50-41_J2-1696,Aft,197,DIC-113,7.752500833333333,33.9607675
Oregon Offshore Shallow Profiler,AT50-41_J2-1698,Forward,197,DIC-114,7.7242075,33.95818499999999
Slope Base Shallow Profiler,AT50-41_CTD-002,1,220,DIC-115,6.5453,33.9587
Slope Base Shallow Profiler,AT50-41_CTD-002,3,200,DIC-116,6.6814,33.9154
Slope Base Shallow Profiler,AT50-41_CTD-002,5,180,DIC-117,6.8591,33.8984
Slope Base Shallow Profiler,AT50-41_CTD-002,7,160,DIC-118,7.0296,33.8722
Slope Base Shallow Profiler,AT50-41_CTD-002,9,140,DIC-119,7.2988,33.8214
Slope Base Shallow Profiler,AT50-41_CTD-002,11,120,DIC-120,7.9264,33.7796
Slope Base Shallow Profiler,AT50-41_CTD-002,13,100,DIC-121,8.0639,33.6227
Slope Base Shallow Profiler,AT50-41_CTD-002,15,80,DIC-122,8.3558,33.4181
Slope Base Shallow Profiler,AT50-41_CTD-002,17,60,DIC-123,8.8152,32.8621
Slope Base Shallow Profiler,AT50-41_CTD-002,19,40,DIC-124,9.4537,32.5004
Slope Base Shallow Profiler,AT50-41_CTD-002,21,20,DIC-149,13.1683,32.3705
Slope Base Shallow Profiler,AT50-41_CTD-002,23,10,DIC-150,15.6467,32.0738
Slope Base Shallow Profiler,AT50-41_J2-1699,Aft,200,DIC-151,6.709721666666667,33.847565833333334
Axial Base Shallow Profiler,AT50-41_J2-1702,Forward,200,DIC-153,6.553619166666667,33.747205
Axial Base Shallow Profiler,AT50-41_J2-1704,Forward,185,DIC-152,6.657145000000001,33.72681
Slope Base Shallow Profiler,AT50-41_J2-1713,Forward,191.5,DIC-154,6.768195833333333,33.84509583333333
Oregon Shelf BEP,AT50-41_J2-1723,Forward,80,DIC-155,7.590417500000001,32.14882416666667
Axial Base Shallow Profiler,AT50-41_CTD-007,1,220,DIC-156,6.5455,33.8374
Axial Base Shallow Profiler,AT50-41_CTD-007,3,200,DIC-157,6.845,33.8261
Axial Base Shallow Profiler,AT50-41_CTD-007,5,180,DIC-158,7.0774,33.787
Axial Base Shallow Profiler,AT50-41_CTD-007,7,160,DIC-159,7.2906,33.7266
Axial Base Shallow Profiler,AT50-41_CTD-007,9,140,DIC-160,7.5323,33.6286
Axial Base Shallow Profiler,AT50-41_CTD-007,11,120,DIC-161,7.6045,33.2301
Axial Base Shallow Profiler,AT50-41_CTD-007,13,100,DIC-162,8.309,32.6689
Axial Base Shallow Profiler,AT50-41_CTD-007,15,80,DIC-163,8.715,32.3945
Axial Base Shallow Profiler,AT50-41_CTD-007,17,60,DIC-164,9.9793,32.3487
Axial Base Shallow Profiler,AT50-41_CTD-007,19,40,DIC-165,12.3639,32.3605
Axial Base Shallow Profiler,AT50-41_CTD-007,21,20,DIC-166,17.5576,32.244
Axial Base Shallow Profiler,AT50-41_CTD-007,23,10,DIC-167,17.8368,32.1508
Slope Base Shallow Profiler,AT50-41_CTD-008,1,220,DIC-168,6.8456,33.9873
Slope Base Shallow Profiler,AT50-41_CTD-008,3,200,DIC-169,7.0869,33.9637
Slope Base Shallow Profiler,AT50-41_CTD-008,5,180,DIC-170,7.3482,33.93
Slope Base Shallow Profiler,AT50-41_CTD-008,7,160,DIC-171,7.5857,33.8804
Slope Base Shallow Profiler,AT50-41_CTD-008,9,140,DIC-172,7.676,33.7751
Slope Base Shallow Profiler,AT50-41_CTD-008,11,120,DIC-128,7.8929,33.612
Slope Base Shallow Profiler,AT50-41_CTD-008,13,100,DIC-127,8.4011,33.3451
Slope Base Shallow Profiler,AT50-41_CTD-008,15,80,DIC-125,8.7722,33.0406
Slope Base Shallow Profiler,AT50-41_CTD-008,17,60,DIC-129,9.5195,32.5843
Slope Base Shallow Profiler,AT50-41_CTD-008,19,40,DIC-130,11.1075,32.3742
Slope Base Shallow Profiler,AT50-41_CTD-008,21,20,DIC-131,16.7371,31.8915
Slope Base Shallow Profiler,AT50-41_CTD-008,23,10,DIC-132,16.8273,31.8686
Oregon Offshore Shallow Profiler,AT50-41_CTD-010,1,220,DIC-133,7.3673,33.988
Oregon Offshore Shallow Profiler,AT50-41_CTD-010,3,200,DIC-136,7.3937,33.9696
Oregon Offshore Shallow Profiler,AT50-41_CTD-010,5,180,DIC-134,7.585,33.9834
Oregon Offshore Shallow Profiler,AT50-41_CTD-010,7,160,DIC-126,7.6571,33.9359
Oregon Offshore Shallow Profiler,AT50-41_CTD-010,9,140,DIC-135,7.7476,33.8842
Oregon Offshore Shallow Profiler,AT50-41_CTD-010,11,120,DIC-140,7.9791,33.8051
Oregon Offshore Shallow Profiler,AT50-41_CTD-010,13,100,DIC-139,8.2457,33.7105
Oregon Offshore Shallow Profiler,AT50-41_CTD-010,15,80,DIC-138,8.1436,33.4022
Oregon Offshore Shallow Profiler,AT50-41_CTD-010,17,60,DIC-137,8.4756,33.0808
Oregon Offshore Shallow Profiler,AT50-41_CTD-010,19,40,DIC-141,9.7206,32.5538
Oregon Offshore Shallow Profiler,AT50-41_CTD-010,21,20,DIC-142,11.0803,32.3765
Oregon Offshore Shallow Profiler,AT50-41_CTD-010,23,10,DIC-143,15.9852,32.033
Oregon Offshore BEP,AT50-41_J2-1741,Forward,578,DIC-144,5.220615833333333,34.14867000000001
Oregon Shelf BEP,AT50-41_J2-1743,Forward,80,DIC-145,7.9030916666666675,33.886762499999996