#fields: DAQ.lowering,DAQ.type,EIC.time,EIC.lat,EIC.lon,EIC.x,EIC.y,DAQ.g,DAQ.p,DAQ.r,DAQ.a,EIC.depth,DAQ.da,MAG.src,MAG.x,MAG.y,MAG.z,MAG.m,CTD.src,CTD.tp,CTD.c,CTD.dp,CTD.s,CTD.svel,CTD.p,DAQ.cruiseid,DAQ.etype,DAQ.evt
J2-1089,EVT,2018/07/25 09:21:34,45.9162774,-130.0251906,-14.79,-43.27,160.90,0.7,2.1,0.00,0.86,0.86,HMR2300,15213.3,10453.3,45793.3,49373.5,,,,,,,,RR1812,DLG,FREE_FORM: j2-1089 predive test 
J2-1089,EVT,2018/07/25 09:42:59,45.9162774,-130.0251906,-14.79,-43.27,159.56,1.2,2.1,0.00,1.07,1.07,HMR2300,13180.0,18660.0,45053.3,50514.5,,,,,,,,RR1812,DLG,FREE_FORM: JASON lift off 
J2-1089,EVT,2018/07/25 09:44:33,45.9162774,-130.0251906,-14.79,-43.27,223.69,-11.5,1.0,0.00,2.82,2.82,HMR2300,5200.0,-20873.3,39046.7,44580.0,,,,,,,,RR1812,DLG,FREE_FORM: JASON underwater 
J2-1089,EVT,2018/07/25 09:46:57,45.9162774,-130.0251906,-14.79,-43.27,267.77,-7.5,2.1,0.00,4.93,4.93,HMR2300,-2513.3,-31713.3,43053.3,53531.7,,,,,,,,RR1812,DLG,FREE_FORM: Attaching floats 
J2-1089,EVT,2018/07/25 09:54:43,45.9162774,-130.0251906,-14.79,-43.27,271.98,-6.7,1.9,0.00,61.44,61.44,HMR2300,-3460.0,-30520.0,46066.7,55367.7,,,,,,,,RR1812,DLG,FREE_FORM: Complete attaching floats. Sending down to 140m 
J2-1089,ASNAP,2018/07/25 09:58:22,45.9163081,-130.0252288,-17.75,-39.85,272.21,-7.3,2.0,0.00,121.22,121.22,HMR2300,-3913.3,-30780.0,46000.0,55486.2,,,,,,,,RR1812,,
J2-1089,ASNAP,2018/07/25 10:00:22,45.9163080,-130.0252303,-17.87,-39.87,272.22,-7.5,1.8,0.00,129.95,129.95,HMR2300,-4000.0,-30380.0,45900.0,55188.4,,,,,,,,RR1812,,
J2-1089,EVT,2018/07/25 10:01:02,45.9163080,-130.0252303,-17.87,-39.87,273.32,-7.7,1.7,0.00,130.08,130.08,HMR2300,-4953.3,-30760.0,45733.3,55337.6,,,,,,,,RR1812,DLG,FREE_FORM: 140m reached. Heading for beacons 
J2-1089,EVT,2018/07/25 10:02:20,45.9163080,-130.0252303,-17.87,-39.87,269.38,-7.0,0.8,0.00,133.46,133.46,HMR2300,-2606.7,-29573.3,46706.7,55343.4,,,,,,,,RR1812,DLG,FREE_FORM: headng to 160m 
J2-1089,ASNAP,2018/07/25 10:02:22,45.9163080,-130.0252303,-17.87,-39.87,268.98,-6.9,0.6,0.00,133.70,133.7,HMR2300,-2320.0,-29406.7,46773.3,55298.1,,,,,,,,RR1812,,
J2-1089,EVT,2018/07/25 10:04:13,45.9163080,-130.0252303,-17.87,-39.87,272.25,-7.2,1.9,0.00,150.16,150.16,HMR2300,-3700.0,-30706.7,46066.7,55486.3,,,,,,,,RR1812,DLG,FREE_FORM: 160m reached. 
J2-1089,ASNAP,2018/07/25 10:04:22,45.9163080,-130.0252303,-17.87,-39.87,272.30,-7.2,1.9,0.00,150.19,150.19,HMR2300,-3753.3,-30866.7,46293.3,55766.6,,,,,,,,RR1812,,
J2-1089,ASNAP,2018/07/25 10:06:22,45.9163080,-130.0252303,-17.87,-39.87,271.94,-5.6,1.9,0.00,198.24,198.24,HMR2300,-2366.7,-30900.0,45900.0,55382.5,,,,,,,,RR1812,,
J2-1089,ASNAP,2018/07/25 10:08:22,45.9163080,-130.0252303,-17.87,-39.87,271.66,-6.4,1.5,0.00,256.49,256.49,HMR2300,-2920.0,-30440.0,46266.7,55459.2,,,,,,,,RR1812,,
J2-1089,ASNAP,2018/07/25 10:10:22,45.9163080,-130.0252303,-17.87,-39.87,271.86,-6.2,1.5,0.00,309.58,309.58,HMR2300,-2806.7,-30586.7,46240.0,55511.8,,,,,,,,RR1812,,
J2-1089,ASNAP,2018/07/25 10:12:22,45.9163080,-130.0252293,-17.79,-39.87,271.47,-6.3,1.4,0.00,368.13,368.13,HMR2300,-2786.7,-30466.7,46373.3,55556.0,,,,,,,,RR1812,,
J2-1089,ASNAP,2018/07/25 10:14:22,45.9163104,-130.0252310,-17.92,-39.60,271.32,-7.0,1.5,0.00,420.22,420.22,HMR2300,-3340.0,-30513.3,46326.7,55573.2,,,,,,,,RR1812,,
J2-1089,ASNAP,2018/07/25 10:16:22,45.9163076,-130.0252252,-17.47,-39.91,271.36,-6.9,1.1,0.00,479.48,479.48,HMR2300,-3273.3,-30086.7,46646.7,55604.3,,,,,,,,RR1812,,
J2-1089,ASNAP,2018/07/25 10:18:22,45.9163076,-130.0252252,-17.47,-39.91,273.38,-8.8,2.2,0.00,524.85,524.85,HMR2300,-5420.0,-31233.3,45873.3,55760.7,,,,,,,,RR1812,,
J2-1089,ASNAP,2018/07/25 10:20:22,45.9163076,-130.0252252,-17.47,-39.91,271.95,-6.3,1.6,0.00,584.20,584.2,HMR2300,-2993.3,-30766.7,46200.0,55587.7,,,,,,,,RR1812,,
J2-1089,ASNAP,2018/07/25 10:22:22,45.9163076,-130.0252252,-17.47,-39.91,270.32,-4.7,1.5,0.00,644.15,644.15,HMR2300,-1066.7,-30526.7,46286.7,55456.9,,,,,,,,RR1812,,
J2-1089,ASNAP,2018/07/25 10:24:22,45.9163076,-130.0252252,-17.47,-39.91,270.30,-8.9,1.7,0.00,687.13,687.13,HMR2300,-4446.7,-30720.0,46326.7,55764.2,,,,,,,,RR1812,,
J2-1089,ASNAP,2018/07/25 10:26:22,45.9163076,-130.0252252,-17.47,-39.91,31.55,-7.6,1.1,0.00,694.07,694.07,HMR2300,-28013.3,-1146.7,49406.7,56807.4,,,,,,,,RR1812,,
J2-1089,ASNAP,2018/07/25 10:28:22,45.9163076,-130.0252252,-17.47,-39.91,256.81,-7.8,1.6,0.00,688.22,688.22,HMR2300,1073.3,-28860.0,46726.7,54931.2,,,,,,,,RR1812,,
J2-1089,ASNAP,2018/07/25 10:30:22,45.9163076,-130.0252252,-17.47,-39.91,255.24,-3.8,1.1,0.00,690.83,690.83,HMR2300,5173.3,-28120.0,46866.7,54899.7,,,,,,,,RR1812,,
J2-1089,ASNAP,2018/07/25 10:32:22,45.9163076,-130.0252252,-17.47,-39.91,256.26,-6.3,1.8,0.00,750.80,750.8,HMR2300,2626.7,-28806.7,46966.7,55159.7,,,,,,,,RR1812,,
J2-1089,ASNAP,2018/07/25 10:34:22,45.9163076,-130.0252252,-17.47,-39.91,261.32,-6.7,1.7,0.00,797.49,797.49,HMR2300,380.0,-29700.0,46746.7,55384.9,,,,,,,,RR1812,,
J2-1089,ASNAP,2018/07/25 10:36:22,45.9163076,-130.0252252,-17.47,-39.91,263.65,-5.3,1.5,0.00,865.46,865.46,HMR2300,1066.7,-29786.7,46633.3,55344.8,,,,,,,,RR1812,,
J2-1089,ASNAP,2018/07/25 10:38:22,45.9163076,-130.0252252,-17.47,-39.91,263.76,-4.7,1.8,0.00,928.12,928.12,HMR2300,1600.0,-29886.7,46460.0,55265.8,,,,,,,,RR1812,,
J2-1089,ASNAP,2018/07/25 10:40:22,45.9163076,-130.0252252,-17.47,-39.91,263.68,-5.4,1.7,0.00,988.73,988.73,HMR2300,880.0,-29880.0,46680.0,55431.1,,,,,,,,RR1812,,
J2-1089,ASNAP,2018/07/25 10:42:22,45.9163076,-130.0252252,-17.47,-39.91,263.96,-5.7,1.9,0.00,1047.19,1047.19,HMR2300,546.7,-30046.7,46546.7,55404.8,,,,,,,,RR1812,,
J2-1089,ASNAP,2018/07/25 10:44:22,45.9163076,-130.0252252,-17.47,-39.91,263.95,-5.4,1.9,0.00,1104.25,1104.25,HMR2300,773.3,-30100.0,46480.0,55380.5,,,,,,,,RR1812,,
J2-1089,ASNAP,2018/07/25 10:46:22,45.9163076,-130.0252252,-17.47,-39.91,263.76,-5.4,1.7,0.00,1162.19,1162.19,HMR2300,813.3,-29973.3,46600.0,55413.2,,,,,,,,RR1812,,
J2-1089,ASNAP,2018/07/25 10:48:22,45.9163076,-130.0252252,-17.47,-39.91,263.75,-6.4,1.9,0.00,1221.62,1221.62,HMR2300,-140.0,-30146.7,46646.7,55540.6,,,,,,,,RR1812,,
J2-1089,ASNAP,2018/07/25 10:50:22,45.9163076,-130.0252252,-17.47,-39.91,264.04,-6.3,1.9,0.00,1280.75,1280.75,HMR2300,-80.0,-30180.0,46613.3,55530.5,,,,,,,,RR1812,,
J2-1089,ASNAP,2018/07/25 10:52:22,45.9163076,-130.0252252,-17.47,-39.91,264.14,-6.6,1.8,0.00,1339.51,1339.51,HMR2300,-313.3,-29973.3,46786.7,55565.2,,,,,,,,RR1812,,
J2-1089,EVT,2018/07/25 10:52:29,45.9163076,-130.0252252,-17.47,-39.91,264.12,-6.4,1.7,0.00,1342.86,1342.86,HMR2300,-140.0,-29933.3,46706.7,55475.6,,,,,,,,RR1812,DLG,BIOLOGY: BIOLOGY JELLY
J2-1089,EVT,2018/07/25 10:53:54,45.9163076,-130.0252252,-17.47,-39.91,232.05,-7.6,1.3,0.00,1375.89,1375.89,HMR2300,7906.7,-23133.3,48906.7,54676.6,,,,,,,,RR1812,DLG,FREE_FORM: 1400 meters spin test 
J2-1089,ASNAP,2018/07/25 10:54:22,45.9163076,-130.0252252,-17.47,-39.91,234.33,-8.1,1.7,0.00,1377.68,1377.68,HMR2300,7233.3,-23546.7,48946.7,54795.5,,,,,,,,RR1812,,
J2-1089,ASNAP,2018/07/25 10:56:22,45.9163076,-130.0252252,-17.47,-39.91,255.58,-8.5,0.5,0.00,1386.89,1386.89,HMR2300,-820.0,-28513.3,47766.7,55635.8,,,,,,,,RR1812,,
J2-1089,ASNAP,2018/07/25 10:58:22,45.9163076,-130.0252252,-17.47,-39.91,271.21,-6.3,1.9,0.00,1385.11,1385.11,HMR2300,-2573.3,-30853.3,46333.3,55725.5,,,,,,,,RR1812,,
J2-1089,EVT,2018/07/25 10:59:23,45.9163076,-130.0252252,-17.47,-39.91,280.93,-2.5,2.2,0.00,1378.02,1378.02,HMR2300,-2993.3,-31520.0,45820.0,55695.1,,,,,,,,RR1812,DLG,FREE_FORM: spin test complete. new set length 2100 meters 
J2-1089,ASNAP,2018/07/25 11:00:22,45.9163076,-130.0252252,-17.47,-39.91,280.92,-6.5,1.8,0.00,1386.15,1386.15,HMR2300,-5933.3,-31406.7,45946.7,55970.3,,,,,,,,RR1812,,
J2-1089,ASNAP,2018/07/25 11:02:22,45.9163076,-130.0252252,-17.47,-39.91,280.76,-5.8,1.9,0.00,1449.60,1449.6,HMR2300,-5473.3,-31366.7,46013.3,55955.8,,,,,,,,RR1812,,
J2-1089,ASNAP,2018/07/25 11:04:22,45.9163076,-130.0252252,-17.47,-39.91,280.85,-6.2,2.1,0.00,1511.14,1511.14,HMR2300,-5846.7,-31493.3,45946.7,56009.9,,,,,,,,RR1812,,
J2-1089,ASNAP,2018/07/25 11:06:22,45.9163076,-130.0252252,-17.47,-39.91,280.30,-7.0,0.8,0.00,1570.28,1570.28,HMR2300,-6493.3,-30226.7,46793.3,56084.1,,,,,,,,RR1812,,
J2-1089,ASNAP,2018/07/25 11:08:22,45.9163076,-130.0252252,-17.47,-39.91,280.18,-5.6,-0.1,0.00,1616.97,1616.97,HMR2300,-5006.7,-29973.3,46980.0,55951.7,,,,,,,,RR1812,,
J2-1089,ASNAP,2018/07/25 11:10:22,45.9163076,-130.0252252,-17.47,-39.91,280.69,-5.7,2.0,0.00,1675.92,1675.92,HMR2300,-5493.3,-31580.0,45926.7,56006.5,,,,,,,,RR1812,,
J2-1089,ASNAP,2018/07/25 11:12:22,45.9163076,-130.0252252,-17.47,-39.91,282.82,-4.7,2.1,0.00,1744.04,1744.04,HMR2300,-5300.0,-31346.7,46066.7,55971.8,,,,,,,,RR1812,,
J2-1089,ASNAP,2018/07/25 11:14:22,45.9163076,-130.0252252,-17.47,-39.91,303.90,-5.1,0.6,0.00,1797.62,1797.62,HMR2300,-13273.3,-29353.3,46506.7,56574.5,,,,,,,,RR1812,,
J2-1089,ASNAP,2018/07/25 11:16:22,45.9163076,-130.0252252,-17.47,-39.91,305.18,-4.8,0.6,0.00,1852.22,1852.22,HMR2300,-13586.7,-29293.3,46433.3,56557.5,,,,,,,,RR1812,,
J2-1089,ASNAP,2018/07/25 11:18:22,45.9163076,-130.0252252,-17.47,-39.91,275.58,-5.9,0.5,0.00,1911.42,1911.42,HMR2300,-3753.3,-30073.3,46933.3,55868.0,,,,,,,,RR1812,,
J2-1089,ASNAP,2018/07/25 11:20:22,45.9163076,-130.0252252,-17.47,-39.91,275.89,-5.2,1.9,0.00,1979.32,1979.32,HMR2300,-3386.7,-31273.3,46186.7,55881.1,,,,,,,,RR1812,,
J2-1089,ASNAP,2018/07/25 11:22:22,45.9163076,-130.0252252,-17.47,-39.91,276.10,-6.1,1.8,0.00,2042.76,2042.76,HMR2300,-4086.7,-31226.7,46273.3,55973.4,,,,,,,,RR1812,,
J2-1089,EVT,2018/07/25 11:23:09,45.9163076,-130.0252252,-17.47,-39.91,245.28,-8.3,1.8,0.00,2064.09,2064.09,HMR2300,4133.3,-26673.3,48120.0,55173.2,,,,,,,,RR1812,DLG,FREE_FORM: 2100 meter length reached 
J2-1089,ASNAP,2018/07/25 11:24:22,45.9163076,-130.0252252,-17.47,-39.91,248.62,-8.9,2.0,0.00,2074.21,2074.21,HMR2300,2826.7,-27613.3,47893.3,55355.7,,,,,,,,RR1812,,
J2-1089,ASNAP,2018/07/25 11:26:22,45.9163076,-130.0252252,-17.47,-39.91,304.83,-7.5,2.1,0.00,2079.25,2079.25,HMR2300,-18313.3,-28900.0,45520.0,56944.3,,,,,,,,RR1812,,
J2-1089,ASNAP,2018/07/25 11:28:22,45.9163076,-130.0252252,-17.47,-39.91,277.07,-8.3,1.3,0.00,2073.05,2073.05,HMR2300,-6266.7,-30360.0,45660.0,55189.1,,,,,,,,RR1812,,
J2-1089,EVT,2018/07/25 11:28:36,45.9163076,-130.0252252,-17.47,-39.91,280.84,-7.5,2.2,0.00,2070.61,2070.61,HMR2300,-7533.3,-31246.7,45053.3,55343.5,,,,,,,,RR1812,DLG,FREE_FORM: spin test complete. New set length 2800 meters 
J2-1089,ASNAP,2018/07/25 11:30:22,45.9163076,-130.0252252,-17.47,-39.91,274.52,-6.8,2.2,0.00,2099.81,2099.81,HMR2300,-4000.0,-31380.0,46153.3,55953.9,,,,,,,,RR1812,,
J2-1089,ASNAP,2018/07/25 11:32:22,45.9163076,-130.0252252,-17.47,-39.91,274.59,-5.6,1.9,0.00,2158.37,2158.37,HMR2300,-3073.3,-31260.0,46186.7,55855.5,,,,,,,,RR1812,,
J2-1089,ASNAP,2018/07/25 11:34:22,45.9163076,-130.0252252,-17.47,-39.91,271.80,-6.0,-0.1,0.00,2217.09,2217.09,HMR2300,-2246.7,-29353.3,47373.3,55775.4,,,,,,,,RR1812,,
J2-1089,ASNAP,2018/07/25 11:36:22,45.9163076,-130.0252252,-17.47,-39.91,274.32,-5.0,0.4,0.00,2276.21,2276.21,HMR2300,-2400.0,-29933.3,47013.3,55785.5,,,,,,,,RR1812,,
J2-1089,ASNAP,2018/07/25 11:38:22,45.9163076,-130.0252252,-17.47,-39.91,274.06,-4.4,0.2,0.00,2334.03,2334.03,HMR2300,-1893.3,-29866.7,47073.3,55780.8,,,,,,,,RR1812,,
J2-1089,ASNAP,2018/07/25 11:40:22,45.9163076,-130.0252252,-17.47,-39.91,274.01,-5.3,0.2,0.00,2390.27,2390.27,HMR2300,-2546.7,-29866.7,47100.0,55829.3,,,,,,,,RR1812,,
J2-1089,ASNAP,2018/07/25 11:42:22,45.9163076,-130.0252252,-17.47,-39.91,272.49,-5.6,-0.4,0.00,2447.78,2447.78,HMR2300,-2253.3,-29086.7,47553.3,55789.2,,,,,,,,RR1812,,
J2-1089,ASNAP,2018/07/25 11:44:22,45.9163076,-130.0252252,-17.47,-39.91,272.28,-6.2,-0.5,0.00,2507.18,2507.18,HMR2300,-2766.7,-29153.3,47580.0,55869.7,,,,,,,,RR1812,,
J2-1089,ASNAP,2018/07/25 11:46:22,45.9163076,-130.0252252,-17.47,-39.91,274.17,-5.6,2.2,0.00,2570.46,2570.46,HMR2300,-2966.7,-31400.0,46120.0,55873.2,,,,,,,,RR1812,,
J2-1089,ASNAP,2018/07/25 11:48:22,45.9163076,-130.0252252,-17.47,-39.91,274.06,-6.1,2.3,0.00,2634.27,2634.27,HMR2300,-3313.3,-31446.7,46146.7,55940.9,,,,,,,,RR1812,,
J2-1089,ASNAP,2018/07/25 11:50:22,45.9163076,-130.0252252,-17.47,-39.91,274.42,-5.8,1.8,0.00,2695.50,2695.5,HMR2300,-3286.7,-31073.3,46393.3,55934.7,,,,,,,,RR1812,,
J2-1089,ASNAP,2018/07/25 11:52:22,45.9163076,-130.0252252,-17.47,-39.91,274.53,-6.3,1.5,0.00,2755.44,2755.44,HMR2300,-3653.3,-30860.0,46533.3,55955.7,,,,,,,,RR1812,,
J2-1089,EVT,2018/07/25 11:52:36,45.9163076,-130.0252252,-17.47,-39.91,273.71,-8.0,2.4,0.00,2761.75,2761.75,HMR2300,-4213.3,-31406.7,46193.3,56017.5,,,,,,,,RR1812,DLG,FREE_FORM: 2800 meter length reached 
J2-1089,ASNAP,2018/07/25 11:54:22,45.9163076,-130.0252252,-17.47,-39.91,269.15,-7.2,2.3,0.00,2770.73,2770.73,HMR2300,-2380.0,-31100.0,46366.7,55881.5,,,,,,,,RR1812,,
J2-1089,ASNAP,2018/07/25 11:56:22,45.9163076,-130.0252252,-17.47,-39.91,282.53,-7.9,2.1,0.00,2771.26,2771.26,HMR2300,-7753.3,-31580.0,45900.0,56251.4,,,,,,,,RR1812,,
J2-1089,EVT,2018/07/25 11:57:40,45.9163076,-130.0252252,-17.47,-39.91,326.86,-5.4,1.8,0.00,2761.74,2761.74,HMR2300,-22300.0,-25540.0,46040.0,57177.5,,,,,,,,RR1812,DLG,FREE_FORM: spin test complete 
J2-1089,ASNAP,2018/07/25 11:58:22,45.9163076,-130.0252252,-17.47,-39.91,9.48,-5.4,2.0,0.00,2775.59,2775.59,HMR2300,-28166.7,-12833.3,48193.3,57277.0,,,,,,,,RR1812,,
J2-1089,ASNAP,2018/07/25 12:00:22,45.9163904,-130.0252123,-16.47,-30.71,9.69,-6.0,1.9,0.00,2842.49,2842.49,HMR2300,-28773.3,-12660.0,47920.0,57310.6,,,,,,,,RR1812,,
J2-1089,EVT,2018/07/25 12:02:18,45.9164167,-130.0252976,-23.09,-27.78,8.87,-6.9,0.3,0.00,2893.53,2893.53,HMR2300,-29820.0,-11026.7,47026.7,56765.5,,,,,,,,RR1812,DLG,FREE_FORM: bottom in sight 
J2-1089,ASNAP,2018/07/25 12:02:22,45.9164150,-130.0252968,-23.03,-27.97,9.73,-7.7,1.8,0.00,2894.14,2894.14,HMR2300,-29900.0,-11893.3,47673.3,57517.0,,,,,,,,RR1812,,
J2-1089,ASNAP,2018/07/25 12:04:22,45.9168352,-130.0250928,-7.20,18.73,9.08,-6.7,1.7,0.00,2897.64,2897.64,HMR2300,-28873.3,-12626.7,47786.7,57242.2,,,,,,,,RR1812,,
J2-1089,EVT,2018/07/25 12:04:35,45.9168973,-130.0250781,-6.06,25.64,9.97,-5.0,1.7,0.00,2897.32,2897.32,HMR2300,-27926.7,-12506.7,48480.0,57329.1,,,,,,,,RR1812,DLG,FREE_FORM: acoustic release in sight 
J2-1089,EVT,2018/07/25 12:04:42,45.9169188,-130.0250786,-6.10,28.02,9.13,-5.4,1.8,0.00,2897.19,2897.19,HMR2300,-28380.0,-12686.7,48120.0,57288.0,,,,,,,,RR1812,DLG,FREE_FORM: anchor in sight 
J2-1089,EVT,2018/07/25 12:05:46,45.9169379,-130.0250672,-5.21,30.15,10.04,-6.5,2.4,0.00,2889.80,2889.8,HMR2300,-29340.0,-12820.0,47586.7,57355.7,,,,,,,,RR1812,DLG,FREE_FORM: dock in sight 
J2-1089,ASNAP,2018/07/25 12:06:22,45.9168645,-130.0249972,0.22,21.99,4.91,-7.7,2.0,0.00,2895.98,2895.98,HMR2300,-30393.3,-11813.3,47186.7,57357.6,,,,,,,,RR1812,,
J2-1089,EVT,2018/07/25 12:06:50,45.9168301,-130.0249889,0.86,18.17,98.45,-8.9,1.9,0.00,2896.62,2896.62,HMR2300,-13240.0,10813.3,52820.0,55517.4,,,,,,,,RR1812,DLG,FREE_FORM: cable in sight 
J2-1089,EVT,2018/07/25 12:08:14,45.9170347,-130.0246107,30.20,40.91,29.82,-6.4,1.8,0.00,2896.95,2896.95,HMR2300,-28640.0,-5053.3,49253.3,57198.6,,,,,,,,RR1812,DLG,FREE_FORM: flange box in sight 
J2-1089,ASNAP,2018/07/25 12:08:22,45.9170582,-130.0245891,31.88,43.52,30.32,-5.3,1.4,0.00,2897.21,2897.21,HMR2300,-27593.3,-5180.0,49726.7,57104.9,,,,,,,,RR1812,,
J2-1089,EVT,2018/07/25 12:08:59,45.9171120,-130.0245108,37.95,49.50,294.68,-7.3,0.7,0.00,2898.15,2898.15,HMR2300,-12026.7,-30320.0,46453.3,56761.4,,,,,,,,RR1812,DLG,FREE_FORM: cable connector in sight 
J2-1089,EVT,2018/07/25 12:09:45,45.9171116,-130.0245130,37.78,49.45,299.38,-3.5,0.4,0.00,2898.51,2898.51,HMR2300,-10166.7,-29926.7,46746.7,56428.9,,,,,,,,RR1812,DLG,FREE_FORM: port manip grabbed cable 
J2-1089,ASNAP,2018/07/25 12:10:22,45.9171080,-130.0245121,37.85,49.05,296.11,-8.1,1.6,0.00,2898.14,2898.14,HMR2300,-13073.3,-31066.7,45766.7,56838.7,,,,,,,,RR1812,,
J2-1089,EVT,2018/07/25 12:11:41,45.9170874,-130.0245770,32.82,46.76,28.81,-3.1,2.6,0.00,2898.45,2898.45,HMR2300,-25926.7,-6433.3,50193.3,56859.0,,,,,,,,RR1812,DLG,FREE_FORM: port manip placed cable connector in flange box 
J2-1089,ASNAP,2018/07/25 12:12:22,45.9170873,-130.0245770,32.82,46.75,28.80,-3.0,2.7,0.00,2898.45,2898.45,HMR2300,-25960.0,-6400.0,50253.3,56923.4,,,,,,,,RR1812,,
J2-1089,EVT,2018/07/25 12:13:11,45.9170872,-130.0245771,32.81,46.74,27.93,-3.4,2.8,0.00,2898.45,2898.45,HMR2300,-26013.3,-6893.3,50026.7,56805.6,,,,,,,,RR1812,DLG,FREE_FORM: port manip grabbed flange box 
J2-1089,EVT,2018/07/25 12:13:37,45.9170872,-130.0245771,32.81,46.74,27.94,-3.3,2.7,0.00,2898.45,2898.45,HMR2300,-26026.7,-6820.0,50066.7,56838.1,,,,,,,,RR1812,DLG,FREE_FORM: starboard manip grabbed flange box 
J2-1089,ASNAP,2018/07/25 12:14:22,45.9170853,-130.0245775,32.78,46.53,26.80,-8.4,1.3,0.00,2897.88,2897.88,HMR2300,-30193.3,-6300.0,47966.7,57027.4,,,,,,,,RR1812,,
J2-1089,EVT,2018/07/25 12:14:33,45.9170821,-130.0245799,32.59,46.18,27.81,-1.6,2.9,0.00,2898.45,2898.45,HMR2300,-24606.7,-7120.0,50666.7,56774.1,,,,,,,,RR1812,DLG,FREE_FORM: port manip lost hold of flange box 
J2-1089,EVT,2018/07/25 12:16:21,45.9170742,-130.0245815,32.47,45.30,28.71,-1.8,1.9,0.00,2898.45,2898.45,HMR2300,-25106.7,-6033.3,50540.0,56754.2,,,,,,,,RR1812,DLG,FREE_FORM: port manip slipped off flange box 
J2-1089,ASNAP,2018/07/25 12:16:22,45.9170735,-130.0245821,32.42,45.22,28.48,-2.4,2.0,0.00,2898.48,2898.48,HMR2300,-25640.0,-6113.3,50286.7,56776.2,,,,,,,,RR1812,,
J2-1089,EVT,2018/07/25 12:17:50,45.9170718,-130.0245834,32.32,45.03,27.70,-3.1,2.0,0.00,2898.47,2898.47,HMR2300,-25973.3,-6260.0,50133.3,56808.0,,,,,,,,RR1812,DLG,FREE_FORM: port manip grabbed flange box 
J2-1089,ASNAP,2018/07/25 12:18:22,45.9170716,-130.0245834,32.32,45.01,28.01,-3.2,2.0,0.00,2898.47,2898.47,HMR2300,-25900.0,-6206.7,50193.3,56821.7,,,,,,,,RR1812,,
J2-1089,ASNAP,2018/07/25 12:20:22,45.9170717,-130.0245834,32.32,45.02,27.93,-3.1,2.0,0.00,2898.46,2898.46,HMR2300,-25873.3,-6206.7,50226.7,56839.0,,,,,,,,RR1812,,
J2-1089,ASNAP,2018/07/25 12:22:22,44.52731049,-125.38010832,2264.320460,2836.065459,347.91,-10.7,1.3,0.00,2896.25,2896.25,HMR2300,-29833.3,-19226.7,44873.3,57212.8,,,,,,,,RR1812,,
J2-1089,EVT,2018/07/25 12:22:51,44.52727918,-125.38009359,2265.492053,2832.586272,348.74,-11.1,1.3,0.00,2896.35,2896.35,HMR2300,-30300.0,-19393.3,44853.3,57497.9,,,,,,,,RR1812,DLG,DOPPLER RESET: 
J2-1089,ASNAP,2018/07/25 12:24:22,44.52717408,-125.38010544,2264.549928,2820.907808,257.79,-11.0,0.4,0.00,2895.96,2895.96,HMR2300,-1760.0,-28006.7,47880.0,55497.4,,,,,,,,RR1812,,
J2-1089,EVT,2018/07/25 12:24:29,44.52716810,-125.38011287,2263.958420,2820.243014,258.51,-11.1,0.4,0.00,2896.12,2896.12,HMR2300,-1973.3,-28213.3,48220.0,55902.2,,,,,,,,RR1812,DLG,FREE_FORM: heading to mooring 
J2-1089,ASNAP,2018/07/25 12:26:22,44.52713085,-125.38031847,2247.607190,2816.104138,264.76,-11.4,0.4,0.00,2896.18,2896.18,HMR2300,-4700.0,-29226.7,47653.3,56099.3,,,,,,,,RR1812,,
J2-1089,EVT,2018/07/25 12:27:26,44.52714038,-125.38045197,2236.990274,2817.162645,275.03,-10.9,0.6,0.00,2896.14,2896.14,HMR2300,-7600.0,-30160.0,46726.7,56131.7,,,,,,,,RR1812,DLG,FREE_FORM: anchor in sight 
J2-1089,ASNAP,2018/07/25 12:28:22,44.52715378,-125.38052117,2231.486706,2818.651640,303.18,-2.6,0.4,0.00,2898.54,2898.54,HMR2300,-10973.3,-29580.0,46886.7,56513.3,,,,,,,,RR1812,,
J2-1089,EVT,2018/07/25 12:29:54,44.52718103,-125.38055279,2228.971962,2821.679736,303.73,-3.9,0.4,0.00,2898.51,2898.51,HMR2300,-12453.3,-29326.7,46840.0,56649.1,,,,,,,,RR1812,DLG,FREE_FORM: starboard manip grabbed cable connector 
J2-1089,ASNAP,2018/07/25 12:30:22,44.52718855,-125.38055057,2229.148305,2822.515620,303.82,-3.7,0.4,0.00,2898.52,2898.52,HMR2300,-12360.0,-29353.3,46800.0,56609.4,,,,,,,,RR1812,,
J2-1089,EVT,2018/07/25 12:31:46,44.52720557,-125.38054030,2229.965489,2824.407323,303.66,-3.9,0.7,0.00,2898.51,2898.51,HMR2300,-12346.7,-29700.0,46513.3,56551.0,,,,,,,,RR1812,DLG,FREE_FORM: port manip grabbed connector 
J2-1089,ASNAP,2018/07/25 12:32:22,44.52720925,-125.38053514,2230.376014,2824.815947,303.28,-4.0,0.8,0.00,2898.50,2898.5,HMR2300,-12146.7,-29900.0,46453.3,56563.8,,,,,,,,RR1812,,
J2-1089,EVT,2018/07/25 12:33:11,44.52720793,-125.38052503,2231.179424,2824.669081,303.34,-3.7,1.1,0.00,2898.50,2898.5,HMR2300,-11960.0,-30113.3,46320.0,56527.8,,,,,,,,RR1812,DLG,FREE_FORM: starboard manip released connector 
J2-1089,ASNAP,2018/07/25 12:34:22,44.52719590,-125.38050884,2232.467538,2823.332980,303.34,-4.0,1.4,0.00,2898.50,2898.5,HMR2300,-12200.0,-30133.3,46273.3,56551.6,,,,,,,,RR1812,,
J2-1089,EVT,2018/07/25 12:34:27,44.52719426,-125.38050727,2232.592434,2823.150072,303.32,-4.0,1.4,0.00,2898.50,2898.5,HMR2300,-12200.0,-30193.3,46266.7,56578.1,,,,,,,,RR1812,DLG,FREE_FORM: starboard manip grabbed caribiner 
J2-1089,EVT,2018/07/25 12:35:58,44.52714439,-125.38048341,2234.489439,2817.608630,327.57,-3.2,2.2,0.00,2898.43,2898.43,HMR2300,-18560.0,-26266.7,46846.7,56824.5,,,,,,,,RR1812,DLG,FREE_FORM: starboard manip lost hold of caribiner 
J2-1089,ASNAP,2018/07/25 12:36:22,44.52712679,-125.38048194,2234.607100,2815.652444,323.96,-3.0,1.9,0.00,2898.47,2898.47,HMR2300,-18046.7,-26986.7,46600.0,56793.7,,,,,,,,RR1812,,
J2-1089,ASNAP,2018/07/25 12:38:22,44.52708047,-125.38049080,2233.902141,2810.505647,323.95,-3.1,1.9,0.00,2898.47,2898.47,HMR2300,-18180.0,-27100.0,46560.0,56857.3,,,,,,,,RR1812,,
J2-1089,EVT,2018/07/25 12:40:12,44.52704474,-125.38052205,2231.417085,2806.535867,323.74,-3.6,1.9,0.00,2898.47,2898.47,HMR2300,-18560.0,-27060.0,46513.3,56922.8,,,,,,,,RR1812,DLG,FREE_FORM: starboard manip grabbed caribiner 
J2-1089,ASNAP,2018/07/25 12:40:22,44.52704283,-125.38052738,2230.993243,2806.322755,323.75,-3.6,1.8,0.00,2898.47,2898.47,HMR2300,-18566.7,-27120.0,46526.7,56964.4,,,,,,,,RR1812,,
J2-1089,ASNAP,2018/07/25 12:42:22,44.52705856,-125.38057463,2227.234974,2808.071201,96.41,-9.9,3.8,0.00,2891.43,2891.43,HMR2300,-14233.3,8840.0,52920.0,55509.1,,,,,,,,RR1812,,
J2-1089,EVT,2018/07/25 12:42:53,44.52706458,-125.38057945,2226.852199,2808.740448,95.66,-10.3,2.8,0.00,2891.59,2891.59,HMR2300,-14893.3,9880.0,52506.7,55465.1,,,,,,,,RR1812,DLG,FREE_FORM: starboard manip clpped caribiner onto dock 
J2-1089,EVT,2018/07/25 12:43:20,44.52706917,-125.38058245,2226.613436,2809.250217,95.18,-8.8,3.6,0.00,2891.52,2891.52,HMR2300,-13746.7,8893.3,52960.0,55433.1,,,,,,,,RR1812,DLG,FREE_FORM: starboard manip removed dust cover from cable connector 
J2-1089,EVT,2018/07/25 12:43:45,44.52707258,-125.38058427,2226.468659,2809.628865,95.41,-8.6,3.2,0.00,2891.49,2891.49,HMR2300,-13660.0,9293.3,52913.3,55432.7,,,,,,,,RR1812,DLG,FREE_FORM: starboard manip placed dust cover in basket 
J2-1089,ASNAP,2018/07/25 12:44:22,44.52708078,-125.38058783,2226.185474,2810.540387,94.77,-10.3,3.3,0.00,2891.54,2891.54,HMR2300,-15040.0,9006.7,52940.0,55767.1,,,,,,,,RR1812,,
J2-1089,EVT,2018/07/25 12:44:28,44.52708151,-125.38058810,2226.163738,2810.620971,94.42,-9.0,3.1,0.00,2891.61,2891.61,HMR2300,-13713.3,9153.3,53180.0,55677.2,,,,,,,,RR1812,DLG,FREE_FORM: starboard manip removed dust cover from dock 
J2-1089,EVT,2018/07/25 12:44:45,44.52708332,-125.38058868,2226.117917,2810.822178,95.72,-8.4,2.6,0.00,2891.55,2891.55,HMR2300,-13153.3,9660.0,53113.3,55563.9,,,,,,,,RR1812,DLG,FREE_FORM: starboard manip placed dust cover in basket 
J2-1089,EVT,2018/07/25 12:45:15,44.52708858,-125.38059012,2226.003116,2811.407235,94.32,-9.0,2.1,0.00,2891.58,2891.58,HMR2300,-14360.0,10280.0,52473.3,55365.5,,,,,,,,RR1812,DLG,FREE_FORM: starboard manip grabbed dock 
J2-1089,ASNAP,2018/07/25 12:46:22,44.52711035,-125.38059164,2225.882188,2813.825649,93.01,-9.7,1.6,0.00,2891.56,2891.56,HMR2300,-15306.7,10666.7,52246.7,55477.8,,,,,,,,RR1812,,
J2-1089,ASNAP,2018/07/25 12:48:22,44.52713174,-125.38058549,2226.371486,2816.202643,91.63,-8.9,0.0,0.00,2891.64,2891.64,HMR2300,-15240.0,11766.7,52313.3,55744.0,,,,,,,,RR1812,,
J2-1089,EVT,2018/07/25 12:49:02,44.52714143,-125.38057872,2226.910009,2817.280138,98.36,-7.7,1.1,0.00,2891.50,2891.5,HMR2300,-11413.3,11360.0,52726.7,55130.9,,,,,,,,RR1812,DLG,FREE_FORM: starboard manip repositioned grip on dock 
J2-1089,EVT,2018/07/25 12:50:02,44.52715164,-125.38056441,2228.047785,2818.414647,94.49,-9.3,0.9,0.00,2891.56,2891.56,HMR2300,-14740.0,11093.3,52440.0,55590.3,,,,,,,,RR1812,DLG,FREE_FORM: port manip attempted to connect cable and dock 
J2-1089,ASNAP,2018/07/25 12:50:22,44.52715320,-125.38056039,2228.367253,2818.587537,93.99,-9.3,0.8,0.00,2891.55,2891.55,HMR2300,-14753.3,11166.7,52273.3,55451.4,,,,,,,,RR1812,,
J2-1089,ASNAP,2018/07/25 12:52:22,44.52715569,-125.38053893,2230.074060,2818.863756,90.07,-8.1,0.6,0.00,2891.97,2891.97,HMR2300,-15113.3,11160.0,52366.7,55634.8,,,,,,,,RR1812,,
J2-1089,EVT,2018/07/25 12:53:06,44.52715510,-125.38053805,2230.144660,2818.798592,89.83,-8.1,0.4,0.00,2891.98,2891.98,HMR2300,-15373.3,11240.0,52246.7,55609.3,,,,,,,,RR1812,DLG,FREE_FORM: port manip plugged the cable in and let go 
J2-1089,ASNAP,2018/07/25 12:54:22,44.52715493,-125.38053975,2230.008796,2818.779912,90.20,-8.1,0.1,0.00,2891.99,2891.99,HMR2300,-15306.7,11573.3,52246.7,55659.2,,,,,,,,RR1812,,
J2-1089,EVT,2018/07/25 12:54:53,44.52715630,-125.38054161,2229.860816,2818.932502,91.91,-8.8,-0.0,0.00,2891.39,2891.39,HMR2300,-15266.7,11813.3,52253.3,55704.9,,,,,,,,RR1812,DLG,FREE_FORM: waiting for communication confirmation 
J2-1089,EVT,2018/07/25 12:56:08,44.52716193,-125.38054585,2229.524104,2819.558171,91.24,-8.8,0.8,0.00,2891.36,2891.36,HMR2300,-15420.0,11180.0,52246.7,55610.1,,,,,,,,RR1812,DLG,FREE_FORM: port manip grabbed and removed beacon 
J2-1089,ASNAP,2018/07/25 12:56:22,44.52716330,-125.38054650,2229.472115,2819.709549,91.68,-8.4,1.1,0.00,2891.37,2891.37,HMR2300,-14953.3,10846.7,52433.3,55592.3,,,,,,,,RR1812,,
J2-1089,EVT,2018/07/25 12:57:19,44.52716679,-125.38054656,2229.467680,2820.097898,91.48,-8.4,0.9,0.00,2891.37,2891.37,HMR2300,-14946.7,10800.0,52480.0,55625.5,,,,,,,,RR1812,DLG,FREE_FORM: port manip placed beacon in basket and let go 
J2-1089,EVT,2018/07/25 12:58:00,44.52716721,-125.38054633,2229.485848,2820.144860,100.26,-9.1,-0.6,0.00,2891.29,2891.29,HMR2300,-12553.3,12953.3,52606.7,55613.3,,,,,,,,RR1812,DLG,FREE_FORM: starboard manip let go of dock 
J2-1089,ASNAP,2018/07/25 12:58:22,44.52716772,-125.38054557,2229.546168,2820.201409,96.02,-8.0,1.6,0.00,2891.47,2891.47,HMR2300,-13026.7,10960.0,53140.0,55800.3,,,,,,,,RR1812,,
J2-1089,ASNAP,2018/07/25 13:00:22,44.52717022,-125.38053620,2230.291492,2820.478770,88.06,-7.9,1.7,0.00,2884.71,2884.71,HMR2300,-15966.7,9906.7,52953.3,56188.4,,,,,,,,RR1812,,
J2-1089,EVT,2018/07/25 13:01:50,44.52717195,-125.38052791,2230.950659,2820.670570,70.48,-8.0,1.3,0.00,2884.72,2884.72,HMR2300,-21946.7,7853.3,51293.3,56341.3,,,,,,,,RR1812,DLG,FREE_FORM: dock just turned on 
J2-1089,EVT,2018/07/25 13:02:11,44.52717259,-125.38052539,2231.151347,2820.742752,5.24,-6.6,1.7,0.00,2884.48,2884.48,HMR2300,-28986.7,-13806.7,47693.3,57493.5,,,,,,,,RR1812,DLG,FREE_FORM: ping confirmed 
J2-1089,ASNAP,2018/07/25 13:02:22,44.52717297,-125.38052406,2231.257056,2820.783995,334.12,-7.3,1.5,0.00,2884.79,2884.79,HMR2300,-24380.0,-24066.7,46346.7,57633.3,,,,,,,,RR1812,,
J2-1089,ASNAP,2018/07/25 13:04:22,44.52717713,-125.38051218,2232.201474,2821.246919,339.80,-6.9,1.7,0.00,2884.77,2884.77,HMR2300,-25753.3,-22560.0,46533.3,57771.4,,,,,,,,RR1812,,
J2-1089,ASNAP,2018/07/25 13:06:22,44.52718017,-125.38050412,2232.843149,2821.584245,339.84,-6.9,1.7,0.00,2884.76,2884.76,HMR2300,-25700.0,-22140.0,46073.3,57213.8,,,,,,,,RR1812,,
J2-1089,ASNAP,2018/07/25 13:08:22,44.52718109,-125.38049305,2233.723188,2821.687201,339.84,-6.9,1.7,0.00,2884.76,2884.76,HMR2300,-25926.7,-22506.7,46273.3,57619.1,,,,,,,,RR1812,,
J2-1089,ASNAP,2018/07/25 13:10:22,44.52717637,-125.38048299,2234.523277,2821.161823,339.89,-6.8,1.8,0.00,2884.75,2884.75,HMR2300,-25806.7,-22233.3,46086.7,57308.7,,,,,,,,RR1812,,
J2-1089,ASNAP,2018/07/25 13:12:22,44.52716182,-125.38046736,2235.766097,2819.545878,339.81,-6.9,1.7,0.00,2884.76,2884.76,HMR2300,-25726.7,-22093.3,46100.0,57229.2,,,,,,,,RR1812,,
J2-1089,EVT,2018/07/25 13:13:43,44.52714915,-125.38045562,2236.700099,2818.137101,339.81,-6.8,1.8,0.00,2884.75,2884.75,HMR2300,-25593.3,-22226.7,46366.7,57436.1,,,,,,,,RR1812,DLG,FREE_FORM: coming up getting a water sample at 2000 and 1000 meters following the cable to see crawler 
J2-1089,ASNAP,2018/07/25 13:14:22,44.52714472,-125.38045144,2237.032089,2817.645306,339.85,-6.9,1.8,0.00,2884.74,2884.74,HMR2300,-25613.3,-22426.7,46480.0,57614.1,,,,,,,,RR1812,,
J2-1089,ASNAP,2018/07/25 13:16:22,44.52713369,-125.38044048,2237.903824,2816.419736,324.09,-7.1,1.4,0.00,2884.73,2884.73,HMR2300,-22066.7,-26380.0,45813.3,57286.2,,,,,,,,RR1812,,
J2-1089,ASNAP,2018/07/25 13:18:22,44.52711916,-125.38042248,2239.335224,2814.805442,323.06,-6.9,1.5,0.00,2884.76,2884.76,HMR2300,-21460.0,-26480.0,45733.3,57037.4,,,,,,,,RR1812,,
J2-1089,ASNAP,2018/07/25 13:20:22,44.52711011,-125.38040178,2240.981996,2813.799713,323.13,-6.9,1.4,0.00,2884.76,2884.76,HMR2300,-21360.0,-26393.3,45933.3,57120.3,,,,,,,,RR1812,,
J2-1089,ASNAP,2018/07/25 13:22:22,44.52712372,-125.38036765,2243.695910,2815.311273,322.71,-6.6,1.2,0.00,2894.35,2894.35,HMR2300,-21220.0,-26626.7,46200.0,57390.8,,,,,,,,RR1812,,
J2-1089,EVT,2018/07/25 13:23:34,44.52714851,-125.38035215,2244.929008,2818.066683,323.20,-6.8,1.5,0.00,2895.71,2895.71,HMR2300,-21326.7,-26700.0,46160.0,57432.2,,,,,,,,RR1812,DLG,FREE_FORM: went to bottom to get as much pay out as possible before coming up 
J2-1089,ASNAP,2018/07/25 13:24:22,44.52716085,-125.38034845,2245.223110,2819.437298,323.08,-7.0,1.5,0.00,2895.75,2895.75,HMR2300,-21626.7,-26773.3,45906.7,57375.5,,,,,,,,RR1812,,
J2-1089,ASNAP,2018/07/25 13:26:22,44.52718185,-125.38036613,2243.816806,2821.771411,323.18,-6.9,1.5,0.00,2895.75,2895.75,HMR2300,-21393.3,-26813.3,46180.0,57525.8,,,,,,,,RR1812,,
J2-1089,ASNAP,2018/07/25 13:28:22,44.52716715,-125.38042344,2239.259421,2820.138060,323.05,-6.8,1.5,0.00,2895.76,2895.76,HMR2300,-21213.3,-26513.3,45980.0,57158.8,,,,,,,,RR1812,,
J2-1089,EVT,2018/07/25 13:29:29,44.52714882,-125.38045911,2236.422507,2818.101265,326.03,-6.8,1.8,0.00,2895.26,2895.26,HMR2300,-22160.0,-26073.3,45840.0,57203.1,,,,,,,,RR1812,DLG,FREE_FORM: Hauling out winch slowly 
J2-1089,EVT,2018/07/25 13:29:37,44.52714595,-125.38046363,2236.063041,2817.782498,324.87,-6.9,1.6,0.00,2894.98,2894.98,HMR2300,-21900.0,-26393.3,45826.7,57239.0,,,,,,,,RR1812,DLG,FREE_FORM: All stop on winch 
J2-1089,EVT,2018/07/25 13:30:16,44.52713048,-125.38048373,2234.464167,2816.063451,323.10,-6.9,1.5,0.00,2895.18,2895.18,HMR2300,-21553.3,-26620.0,45693.3,57105.6,,,,,,,,RR1812,DLG,FREE_FORM: Hauling in on winch 
J2-1089,ASNAP,2018/07/25 13:30:22,44.52712793,-125.38048631,2234.259345,2815.779824,323.19,-6.8,1.6,0.00,2895.05,2895.05,HMR2300,-21446.7,-26653.3,45746.7,57123.7,,,,,,,,RR1812,,
J2-1089,EVT,2018/07/25 13:30:25,44.52712652,-125.38048765,2234.152424,2815.622916,323.18,-6.9,1.6,0.00,2895.07,2895.07,HMR2300,-21340.0,-26566.7,46000.0,57246.7,,,,,,,,RR1812,DLG,FREE_FORM: All stop on winch 
J2-1089,ASNAP,2018/07/25 13:32:22,44.52706320,-125.38047940,2234.808365,2808.586986,323.06,-6.9,1.5,0.00,2895.12,2895.12,HMR2300,-21286.7,-26820.0,46246.7,57542.9,,,,,,,,RR1812,,
J2-1089,ASNAP,2018/07/25 13:34:22,44.52697251,-125.38027602,2250.983571,2798.508631,294.21,-6.8,1.4,0.00,2894.85,2894.85,HMR2300,-11213.3,-30900.0,46253.3,56744.3,,,,,,,,RR1812,,
J2-1089,ASNAP,2018/07/25 13:36:22,44.52687461,-125.37996759,2275.512539,2787.630330,285.55,-7.1,1.2,0.00,2891.98,2891.98,HMR2300,-8506.7,-30733.3,46406.7,56307.0,,,,,,,,RR1812,,
J2-1089,ASNAP,2018/07/25 13:38:22,44.52682300,-125.37984789,2285.032596,2781.895782,144.96,-8.6,1.0,0.00,2889.89,2889.89,HMR2300,3246.7,6353.3,54126.7,54594.9,,,,,,,,RR1812,,
J2-1089,ASNAP,2018/07/25 13:40:22,44.52685307,-125.38001097,2272.063056,2785.237061,281.84,-6.0,0.6,0.00,2876.86,2876.86,HMR2300,-6393.3,-30520.0,46913.3,56331.2,,,,,,,,RR1812,,
J2-1089,ASNAP,2018/07/25 13:42:22,44.52697724,-125.38037133,2243.403478,2799.035152,307.43,-6.6,1.0,0.00,2863.79,2863.79,HMR2300,-16160.0,-29293.3,46253.3,57084.3,,,,,,,,RR1812,,
J2-1089,EVT,2018/07/25 13:43:38,44.52706511,-125.38052333,2231.315135,2808.798742,331.70,-6.1,1.8,0.00,2856.24,2856.24,HMR2300,-23146.7,-24880.0,46373.3,57491.5,,,,,,,,RR1812,DLG,FREE_FORM: cable in sight at 2857 
J2-1089,ASNAP,2018/07/25 13:44:22,44.52710841,-125.38056137,2228.289491,2813.610286,330.35,-7.0,1.9,0.00,2856.23,2856.23,HMR2300,-23640.0,-25240.0,45740.0,57341.6,,,,,,,,RR1812,,
J2-1089,ASNAP,2018/07/25 13:46:22,44.52716667,-125.38052553,2231.139684,2820.084447,328.43,-6.5,2.9,0.00,2819.45,2819.45,HMR2300,-22660.0,-26380.0,45660.0,57395.3,,,,,,,,RR1812,,
J2-1089,ASNAP,2018/07/25 13:48:22,44.52714550,-125.38046506,2235.949405,2817.731664,328.17,-6.6,2.9,0.00,2756.47,2756.47,HMR2300,-22566.7,-26473.3,45626.7,57374.9,,,,,,,,RR1812,,
J2-1089,ASNAP,2018/07/25 13:50:22,44.52708210,-125.38047020,2235.540172,2810.686874,327.78,-6.1,2.9,0.00,2699.07,2699.07,HMR2300,-22113.3,-26593.3,45733.3,57338.8,,,,,,,,RR1812,,
J2-1089,EVT,2018/07/25 13:50:38,44.52707090,-125.38047194,2235.402161,2809.441838,328.12,-7.5,2.9,0.00,2691.66,2691.66,HMR2300,-23300.0,-26393.3,45246.7,57330.3,,,,,,,,RR1812,DLG,FREE_FORM: vehicle in sight 
J2-1089,ASNAP,2018/07/25 13:52:22,44.52698461,-125.38045171,2237.010709,2799.854227,329.60,-8.4,2.2,0.00,2656.25,2656.25,HMR2300,-24486.7,-25486.7,45326.7,57477.6,,,,,,,,RR1812,,
J2-1089,ASNAP,2018/07/25 13:54:22,44.52689078,-125.38033994,2245.899611,2789.427541,328.39,-7.2,1.6,0.00,2614.36,2614.36,HMR2300,-23553.3,-25926.7,45493.3,57416.0,,,,,,,,RR1812,,
J2-1089,ASNAP,2018/07/25 13:56:22,44.52685563,-125.38019609,2257.340173,2785.521653,328.95,-8.0,2.3,0.00,2588.42,2588.42,HMR2300,-24020.0,-25900.0,45333.3,57470.7,,,,,,,,RR1812,,
J2-1089,ASNAP,2018/07/25 13:58:22,44.52688792,-125.38008639,2266.064676,2789.108886,328.80,-7.5,1.7,0.00,2544.78,2544.78,HMR2300,-23493.3,-25613.3,45746.7,57452.0,,,,,,,,RR1812,,
J2-1089,ASNAP,2018/07/25 14:00:22,44.52692933,-125.38003946,2269.797086,2793.710667,329.35,-8.0,2.2,0.00,2500.07,2500.07,HMR2300,-24000.0,-25586.7,45373.3,57353.4,,,,,,,,RR1812,,
J2-1089,ASNAP,2018/07/25 14:02:22,44.52694365,-125.38002540,2270.915289,2795.301733,330.04,-8.2,2.4,0.00,2447.04,2447.04,HMR2300,-24546.7,-25500.0,44973.3,57231.0,,,,,,,,RR1812,,
J2-1089,ASNAP,2018/07/25 14:04:22,44.52694171,-125.38000539,2272.506478,2795.086602,329.41,-7.4,2.8,0.00,2384.47,2384.47,HMR2300,-23533.3,-26073.3,45380.0,57384.5,,,,,,,,RR1812,,
J2-1089,ASNAP,2018/07/25 14:06:22,44.52695880,-125.37995955,2276.151770,2796.985646,329.54,-7.5,2.6,0.00,2323.62,2323.62,HMR2300,-23573.3,-25933.3,45513.3,57443.0,,,,,,,,RR1812,,
J2-1089,ASNAP,2018/07/25 14:08:22,44.52698286,-125.37984478,2285.279481,2799.659717,329.41,-7.7,2.5,0.00,2262.97,2262.97,HMR2300,-23793.3,-25866.7,45453.3,57456.2,,,,,,,,RR1812,,
J2-1089,ASNAP,2018/07/25 14:10:22,44.52699943,-125.37975725,2292.240871,2801.500808,329.44,-7.9,2.4,0.00,2202.33,2202.33,HMR2300,-23860.0,-25580.0,45426.7,57334.3,,,,,,,,RR1812,,
J2-1089,ASNAP,2018/07/25 14:12:22,44.52703052,-125.37980481,2288.458857,2804.955529,330.00,-8.2,2.2,0.00,2146.46,2146.46,HMR2300,-24293.3,-25386.7,45446.7,57446.0,,,,,,,,RR1812,,
J2-1089,ASNAP,2018/07/25 14:14:22,44.52706694,-125.37991107,2280.007388,2809.002220,329.79,-7.7,2.1,0.00,2090.35,2090.35,HMR2300,-24000.0,-25420.0,45580.0,57443.1,,,,,,,,RR1812,,
J2-1089,ASNAP,2018/07/25 14:16:22,44.52708811,-125.37995101,2276.831293,2811.354216,330.02,-7.1,2.5,0.00,2032.98,2032.98,HMR2300,-23466.7,-25753.3,45640.0,57418.9,,,,,,,,RR1812,,
J2-1089,ASNAP,2018/07/25 14:18:22,44.52705264,-125.37986105,2283.986074,2807.413285,330.14,-7.2,2.5,0.00,1974.73,1974.73,HMR2300,-23506.7,-25546.7,45673.3,57369.4,,,,,,,,RR1812,,
J2-1089,EVT,2018/07/25 14:20:10,44.52696041,-125.37973817,2293.758102,2797.164899,215.11,-7.6,1.9,0.00,1981.67,1981.67,HMR2300,11500.0,-16206.7,50673.3,54430.6,,,,,,,,RR1812,DLG,FREE_FORM: spinnning at 2000 meters 
J2-1089,ASNAP,2018/07/25 14:20:22,44.52695224,-125.37973135,2294.301062,2796.256299,104.20,-6.0,1.4,0.00,1981.86,1981.86,HMR2300,-12386.7,10660.0,53273.3,55723.5,,,,,,,,RR1812,,
J2-1089,ASNAP,2018/07/25 14:22:22,44.52693128,-125.37977298,2290.989926,2793.927151,267.80,-6.0,0.6,0.00,1980.24,1980.24,HMR2300,780.0,-30066.7,46800.0,55631.4,,,,,,,,RR1812,,
J2-1089,ASNAP,2018/07/25 14:24:22,44.52696316,-125.37994029,2277.683893,2797.470570,267.65,-7.0,4.1,0.00,1964.21,1964.21,HMR2300,-1566.7,-32273.3,45200.0,55561.3,,,,,,,,RR1812,,
J2-1089,EVT,2018/07/25 14:26:17,44.52690220,-125.38014713,2261.234045,2790.696447,268.02,-7.5,1.8,0.00,1963.48,1963.48,HMR2300,-2833.3,-31000.0,46266.7,55764.1,,,,,,,,RR1812,DLG,FREE_FORM: aft niskin fired at 1958.7 meters 2000.1 meter length on cable 
J2-1089,ASNAP,2018/07/25 14:26:22,44.52689670,-125.38015751,2260.408587,2790.085501,268.05,-7.6,1.2,0.00,1962.92,1962.92,HMR2300,-2773.3,-31180.0,46866.7,56359.3,,,,,,,,RR1812,,
J2-1089,ASNAP,2018/07/25 14:28:22,44.52675346,-125.38035846,2244.426812,2774.167687,268.80,-7.6,2.4,0.00,1907.63,1907.63,HMR2300,-2573.3,-31066.7,46286.7,55805.2,,,,,,,,RR1812,,
J2-1089,ASNAP,2018/07/25 14:30:22,44.52667475,-125.38043488,2238.349531,2765.421395,268.80,-6.8,2.3,0.00,1846.89,1846.89,HMR2300,-2153.3,-31080.0,46273.3,55783.7,,,,,,,,RR1812,,
J2-1089,ASNAP,2018/07/25 14:32:22,44.52667372,-125.38044649,2237.426009,2765.307439,268.42,-6.7,2.7,0.00,1786.88,1786.88,HMR2300,-1806.7,-31253.3,46040.0,55675.1,,,,,,,,RR1812,,
J2-1089,ASNAP,2018/07/25 14:34:22,44.52666647,-125.38046538,2235.923987,2764.501486,268.28,-6.9,2.4,0.00,1728.10,1728.1,HMR2300,-1840.0,-31146.7,46286.7,55820.7,,,,,,,,RR1812,,
J2-1089,ASNAP,2018/07/25 14:36:22,44.52665995,-125.38049328,2233.705221,2763.776920,268.22,-6.7,2.4,0.00,1668.91,1668.91,HMR2300,-1686.7,-31160.0,46266.7,55806.8,,,,,,,,RR1812,,
J2-1089,ASNAP,2018/07/25 14:38:22,44.52667690,-125.38050991,2232.382445,2765.660882,268.16,-7.1,2.5,0.00,1608.77,1608.77,HMR2300,-1926.7,-31026.7,46333.3,55795.6,,,,,,,,RR1812,,
J2-1089,ASNAP,2018/07/25 14:40:22,44.52670293,-125.38048098,2234.682746,2768.553511,268.16,-6.6,2.4,0.00,1549.09,1549.09,HMR2300,-1380.0,-31100.0,46133.3,55654.3,,,,,,,,RR1812,,
J2-1089,ASNAP,2018/07/25 14:42:22,44.52673339,-125.38043111,2238.648951,2771.937501,268.08,-6.8,2.5,0.00,1490.31,1490.31,HMR2300,-1586.7,-31073.3,46233.3,55727.8,,,,,,,,RR1812,,
J2-1089,ASNAP,2018/07/25 14:44:22,44.52677917,-125.38035749,2244.503892,2777.025479,268.29,-6.7,2.4,0.00,1432.04,1432.04,HMR2300,-1700.0,-31060.0,46140.0,55646.3,,,,,,,,RR1812,,
J2-1089,ASNAP,2018/07/25 14:46:22,44.52681922,-125.38017370,2259.120634,2781.475087,268.24,-6.6,2.3,0.00,1373.41,1373.41,HMR2300,-1493.3,-30953.3,46246.7,55669.5,,,,,,,,RR1812,,
J2-1089,EVT,2018/07/25 14:46:35,44.52682304,-125.38013918,2261.866106,2781.899607,267.94,-6.1,1.3,0.00,1367.55,1367.55,HMR2300,-1013.3,-30346.7,46713.3,55714.3,,,,,,,,RR1812,DLG,FREE_FORM: spinning out the wire 
J2-1089,ASNAP,2018/07/25 14:48:22,44.52685638,-125.37979775,2289.020147,2785.605062,266.41,-9.3,2.0,0.00,1385.86,1385.86,HMR2300,-3093.3,-30526.7,46706.7,55883.4,,,,,,,,RR1812,,
J2-1089,ASNAP,2018/07/25 14:50:22,44.52691023,-125.37962651,2302.638243,2791.588159,350.16,-7.8,2.2,0.00,1388.37,1388.37,HMR2300,-26706.7,-21893.3,45660.0,57248.6,,,,,,,,RR1812,,
J2-1089,ASNAP,2018/07/25 14:52:22,44.52695892,-125.37982994,2286.460281,2796.999027,270.29,-7.7,2.3,0.00,1367.51,1367.51,HMR2300,-3446.7,-31253.3,46086.7,55791.0,,,,,,,,RR1812,,
J2-1089,ASNAP,2018/07/25 14:54:22,44.52698465,-125.38004952,2268.997241,2799.858343,271.29,-7.8,2.4,0.00,1310.71,1310.71,HMR2300,-3646.7,-31400.0,46040.0,55847.5,,,,,,,,RR1812,,
J2-1089,ASNAP,2018/07/25 14:56:22,44.52699519,-125.38011062,2264.137803,2801.029167,271.16,-7.3,2.4,0.00,1249.73,1249.73,HMR2300,-3306.7,-31420.0,45946.7,55760.6,,,,,,,,RR1812,,
J2-1089,ASNAP,2018/07/25 14:58:22,44.52698976,-125.38011894,2263.476182,2800.426413,271.09,-6.8,2.0,0.00,1189.18,1189.18,HMR2300,-3026.7,-31186.7,46213.3,55834.1,,,,,,,,RR1812,,
J2-1089,ASNAP,2018/07/25 15:00:22,44.52698086,-125.38014577,2261.342246,2799.437131,271.00,-6.9,2.4,0.00,1129.63,1129.63,HMR2300,-2846.7,-31300.0,46040.0,55744.7,,,,,,,,RR1812,,
J2-1089,ASNAP,2018/07/25 15:02:22,44.52698136,-125.38019147,2257.707583,2799.492825,270.91,-6.6,2.0,0.00,1070.13,1070.13,HMR2300,-2613.3,-30900.0,46253.3,55686.7,,,,,,,,RR1812,,
J2-1089,ASNAP,2018/07/25 15:04:22,44.52699077,-125.38014040,2261.769129,2800.538197,270.88,-6.7,2.0,0.00,1010.18,1010.18,HMR2300,-2480.0,-31133.3,46233.3,55793.9,,,,,,,,RR1812,,
J2-1089,EVT,2018/07/25 15:04:57,44.52699440,-125.38008858,2265.890776,2800.941895,270.22,-7.3,1.1,0.00,1000.21,1000.21,HMR2300,-2660.0,-31220.0,46006.7,55663.1,,,,,,,,RR1812,DLG,FREE_FORM: Jason stopped at 997 m 
J2-1089,ASNAP,2018/07/25 15:06:22,44.52699590,-125.37989770,2281.070961,2801.107916,270.35,-6.9,4.4,0.00,999.94,999.94,HMR2300,-2600.0,-32866.7,44926.7,55726.0,,,,,,,,RR1812,,
J2-1089,EVT,2018/07/25 15:07:13,44.52698638,-125.37976719,2291.450038,2800.049867,270.52,-7.2,1.5,0.00,999.99,999.99,HMR2300,-2720.0,-30413.3,46660.0,55763.1,,,,,,,,RR1812,DLG,FREE_FORM: Jason is grabbing Niskin bottle for sampling 
J2-1089,EVT,2018/07/25 15:07:38,44.52697792,-125.37970575,2296.336601,2799.110811,269.43,-5.7,1.4,0.00,1003.01,1003.01,HMR2300,-1313.3,-30386.7,46620.0,55664.2,,,,,,,,RR1812,DLG,FREE_FORM: Forward Niskin bottle 
J2-1089,ASNAP,2018/07/25 15:08:22,44.52695862,-125.37961766,2303.342494,2796.965205,268.70,-8.4,1.9,0.00,1016.72,1016.72,HMR2300,-3186.7,-30773.3,46473.3,55829.4,,,,,,,,RR1812,,
J2-1089,EVT,2018/07/25 15:10:02,44.52691531,-125.37957570,2306.679300,2792.153421,261.50,-7.9,2.8,0.00,1032.36,1032.36,HMR2300,1806.7,-29380.0,46873.3,55349.4,,,,,,,,RR1812,DLG,BIOLOGY: BIOLOGY FISH
J2-1089,ASNAP,2018/07/25 15:10:22,44.52691197,-125.37959968,2304.772714,2791.781816,259.73,-7.2,2.1,0.00,1032.86,1032.86,HMR2300,4453.3,-27126.7,47713.3,55065.9,,,,,,,,RR1812,,
J2-1089,ASNAP,2018/07/25 15:12:22,44.52694826,-125.37984205,2285.497048,2795.814788,279.74,-7.7,2.1,0.00,1006.88,1006.88,HMR2300,-6773.3,-31560.0,45766.7,56004.5,,,,,,,,RR1812,,
J2-1089,EVT,2018/07/25 15:13:28,44.52699158,-125.37993427,2278.162816,2800.628220,279.90,-7.3,2.7,0.00,973.75,973.75,HMR2300,-6546.7,-32093.3,45453.3,56025.4,,,,,,,,RR1812,DLG,FREE_FORM: Heading up 
J2-1089,ASNAP,2018/07/25 15:14:22,44.52702251,-125.37996321,2275.861375,2804.065207,279.91,-7.5,2.8,0.00,946.03,946.03,HMR2300,-6846.7,-32193.3,45340.0,56026.8,,,,,,,,RR1812,,
J2-1089,ASNAP,2018/07/25 15:16:22,44.52704678,-125.37995559,2276.466694,2806.761692,280.08,-7.4,2.6,0.00,884.23,884.23,HMR2300,-6793.3,-32006.7,45566.7,56097.2,,,,,,,,RR1812,,
J2-1089,ASNAP,2018/07/25 15:18:22,44.52704706,-125.37996126,2276.015991,2806.792896,280.16,-7.5,2.7,0.00,822.73,822.73,HMR2300,-6886.7,-32113.3,45353.3,55996.6,,,,,,,,RR1812,,
J2-1089,EVT,2018/07/25 15:19:32,44.52706412,-125.37998649,2274.009931,2808.688919,279.92,-7.5,2.6,0.00,786.61,786.61,HMR2300,-6726.7,-31973.3,45426.7,55956.4,,,,,,,,RR1812,DLG,BIOLOGY: BIOLOGY JELLY
J2-1089,ASNAP,2018/07/25 15:20:22,44.52708227,-125.38000875,2272.238917,2810.705647,280.11,-7.6,2.6,0.00,761.74,761.74,HMR2300,-6853.3,-31893.3,45533.3,56012.8,,,,,,,,RR1812,,
J2-1089,ASNAP,2018/07/25 15:22:22,44.52711521,-125.38004275,2269.535082,2814.365884,279.97,-6.9,2.5,0.00,702.03,702.03,HMR2300,-6160.0,-31873.3,45566.7,55948.0,,,,,,,,RR1812,,
J2-1089,ASNAP,2018/07/25 15:24:22,44.52712662,-125.38001288,2271.910840,2815.633961,279.86,-7.0,2.5,0.00,644.41,644.41,HMR2300,-6260.0,-31860.0,45506.7,55902.6,,,,,,,,RR1812,,
J2-1089,ASNAP,2018/07/25 15:26:22,44.52714706,-125.37996581,2275.654121,2817.904953,280.13,-7.1,2.4,0.00,587.77,587.77,HMR2300,-6380.0,-31726.7,45720.0,56014.3,,,,,,,,RR1812,,
J2-1089,ASNAP,2018/07/25 15:28:22,44.52719215,-125.37996380,2275.814179,2822.915748,279.86,-6.9,2.2,0.00,531.13,531.13,HMR2300,-6066.7,-31640.0,45800.0,55995.8,,,,,,,,RR1812,,
J2-1089,ASNAP,2018/07/25 15:30:22,44.52720815,-125.37992171,2279.161582,2824.693171,279.76,-6.9,2.0,0.00,474.21,474.21,HMR2300,-6100.0,-31346.7,45880.0,55899.9,,,,,,,,RR1812,,
J2-1089,ASNAP,2018/07/25 15:32:22,44.52718500,-125.37981474,2287.668604,2822.121231,279.85,-6.8,1.9,0.00,416.69,416.69,HMR2300,-6073.3,-31280.0,45980.0,55941.8,,,,,,,,RR1812,,
J2-1089,ASNAP,2018/07/25 15:34:22,44.52718872,-125.37972100,2295.123934,2822.534875,279.85,-7.4,2.0,0.00,359.38,359.38,HMR2300,-6426.7,-31406.7,45833.3,55931.9,,,,,,,,RR1812,,
J2-1089,ASNAP,2018/07/25 15:36:22,44.52724994,-125.37967990,2298.392165,2829.337946,280.19,-7.4,1.8,0.00,299.26,299.26,HMR2300,-6686.7,-31406.7,45800.0,55935.1,,,,,,,,RR1812,,
J2-1089,ASNAP,2018/07/25 15:38:22,44.52731040,-125.37964772,2300.951908,2836.056125,279.94,-7.2,1.4,0.00,238.54,238.54,HMR2300,-6593.3,-31233.3,45926.7,55930.8,,,,,,,,RR1812,,
J2-1089,ASNAP,2018/07/25 15:40:22,44.52733515,-125.37959515,2305.132400,2838.806499,279.78,-7.7,1.4,0.00,178.08,178.08,HMR2300,-6860.0,-30853.3,46146.7,55933.0,,,,,,,,RR1812,,
J2-1089,ASNAP,2018/07/25 15:42:22,44.52726523,-125.37956588,2307.460713,2831.036004,293.68,-7.8,1.7,0.00,138.61,138.61,HMR2300,-11846.7,-30773.3,45693.3,56349.1,,,,,,,,RR1812,,
J2-1089,ASNAP,2018/07/25 15:44:22,44.52715741,-125.37960047,2304.709528,2819.055856,293.57,-6.4,1.4,0.00,125.80,125.8,HMR2300,-10986.7,-31226.7,45820.0,56526.8,,,,,,,,RR1812,,
J2-1089,EVT,2018/07/25 15:45:11,44.52709743,-125.37963670,2301.827847,2812.390038,296.68,-7.6,1.9,0.00,126.07,126.07,HMR2300,-12860.0,-31020.0,45160.0,56276.5,,,,,,,,RR1812,DLG,FREE_FORM: Beacons off 
J2-1089,ASNAP,2018/07/25 15:46:22,44.52703076,-125.37969012,2297.580036,2804.982269,290.95,-8.1,3.1,0.00,123.94,123.94,HMR2300,-11353.3,-32140.0,44773.3,56271.9,,,,,,,,RR1812,,
J2-1089,EVT,2018/07/25 15:46:32,44.52702414,-125.37969621,2297.095623,2804.246848,291.10,-7.5,2.2,0.00,119.50,119.5,HMR2300,-10820.0,-31460.0,45220.0,56139.6,,,,,,,,RR1812,DLG,FREE_FORM: Heading up 
J2-1089,EVT,2018/07/25 15:57:06,44.52730129,-125.38028012,2250.657350,2835.043829,297.58,-6.9,2.4,0.00,89.66,89.66,HMR2300,-12626.7,-31106.7,45046.7,56180.6,,,,,,,,RR1812,DLG,FREE_FORM: Float is in sight at around 85.5 m 
J2-1089,EVT,2018/07/25 15:57:44,44.52730951,-125.38030852,2248.398802,2835.956701,278.81,-7.6,0.9,0.00,89.92,89.92,HMR2300,-6053.3,-30373.3,46513.3,55880.9,,,,,,,,RR1812,DLG,FREE_FORM: Jason is approaching to float 
J2-1089,EVT,2018/07/25 15:58:40,44.52731437,-125.38032529,2247.065326,2836.496960,270.84,-9.1,1.8,0.00,90.82,90.82,HMR2300,-4600.0,-30440.0,46120.0,55451.0,,,,,,,,RR1812,DLG,FREE_FORM: Removing beacon from top of float 
J2-1089,EVT,2018/07/25 15:59:10,45.9419563,-129.9960689,2244.53,2810.92,273.69,-7.3,1.1,0.00,90.84,90.84,HMR2300,-4046.7,-30426.7,46533.3,55745.0,,,,,,,,RR1812,DLG,FREE_FORM: stowing beacon in the basket 
J2-1089,EVT,2018/07/25 16:05:14,45.9419563,-129.9960689,2244.53,2810.92,264.05,-6.3,1.1,0.00,85.17,85.17,HMR2300,133.3,-29653.3,46613.3,55246.2,,,,,,,,RR1812,DLG,FREE_FORM: Heading up to surface 
J2-1089,EVT,2018/07/25 16:08:10,45.9419563,-129.9960689,2244.53,2810.92,267.43,-5.1,2.4,0.00,39.69,39.69,HMR2300,-20.0,-30906.7,45753.3,55214.0,,,,,,,,RR1812,DLG,FREE_FORM: Recovering floats 
J2-1089,EVT,2018/07/25 16:09:57,45.9419563,-129.9960689,2244.53,2810.92,270.69,-6.3,2.1,0.00,27.38,27.38,HMR2300,-2626.7,-30806.7,45733.3,55204.1,,,,,,,,RR1812,DLG,FREE_FORM: all floats are in 
J2-1089,EVT,2018/07/25 16:13:12,45.9419563,-129.9960689,2244.53,2810.92,252.77,3.3,3.5,0.00,0.92,0.92,HMR2300,8440.0,-26526.7,39880.0,48634.5,,,,,,,,RR1812,DLG,VEHICLE: VEHICLE out of water
J2-1089,EVT,2018/07/25 16:35:38,45.9419419,-129.9960681,2244.59,2809.32,272.64,-0.5,2.3,0.00,0.80,0.8,HMR2300,-8026.7,-16380.0,34380.0,38919.4,,,,,,,,RR1812,DLG,FREE_FORM: j2-1089 post dive test 
J2-1089,EVT,2018/07/26 13:26:35,45.9166459,-130.0249840,1.24,-2.31,154.77,-0.2,2.0,0.00,0.74,0.74,HMR2300,2660.0,14900.0,48793.3,51086.9,,,,,,,,RR1812,DLG,FREE_FORM: js-1090 predive test 
